{
  "anchors": [
    1.97,
    1.78,
    1.69,
    1.41,
    2.06,
    0.78,
    4.56,
    4.16,
    0.94,
    2.09
  ],
  "inputs": {
    "input0": [
      224,
      224,
      3
    ]
  },
  "outputs": {
    "output0": [
      7,
      7,
      45
    ]
  },
  "params_quantity": 1867581,
  "loss": [
    [
      1,
      1.1856
    ],
    [
      2,
      0.63644
    ],
    [
      3,
      0.28458
    ],
    [
      4,
      0.34053
    ],
    [
      5,
      0.34461
    ],
    [
      6,
      0.40948
    ],
    [
      7,
      0.13994
    ],
    [
      8,
      0.08503
    ],
    [
      9,
      0.06859
    ],
    [
      10,
      0.06298
    ],
    [
      11,
      0.06301
    ],
    [
      12,
      0.05782
    ],
    [
      13,
      0.05582
    ],
    [
      14,
      0.04899
    ],
    [
      15,
      0.04849
    ],
    [
      16,
      0.05235
    ],
    [
      17,
      0.05078
    ],
    [
      18,
      0.0483
    ],
    [
      19,
      0.04351
    ],
    [
      20,
      0.04104
    ],
    [
      21,
      0.03479
    ],
    [
      22,
      0.03517
    ],
    [
      23,
      0.03236
    ],
    [
      24,
      0.03161
    ],
    [
      25,
      0.02737
    ],
    [
      26,
      0.0251
    ],
    [
      27,
      0.02613
    ],
    [
      28,
      0.02438
    ],
    [
      29,
      0.0241
    ],
    [
      30,
      0.0246
    ],
    [
      31,
      0.02075
    ],
    [
      32,
      0.01967
    ],
    [
      33,
      0.0193
    ],
    [
      34,
      0.01679
    ],
    [
      35,
      0.0147
    ],
    [
      36,
      0.01349
    ],
    [
      37,
      0.01406
    ],
    [
      38,
      0.01218
    ],
    [
      39,
      0.01126
    ],
    [
      40,
      0.01147
    ],
    [
      41,
      0.01022
    ],
    [
      42,
      0.00963
    ],
    [
      43,
      0.00843
    ],
    [
      44,
      0.00879
    ],
    [
      45,
      0.00798
    ],
    [
      46,
      0.0077
    ],
    [
      47,
      0.00757
    ],
    [
      48,
      0.00691
    ],
    [
      49,
      0.00616
    ],
    [
      50,
      0.00535
    ],
    [
      51,
      0.00519
    ],
    [
      52,
      0.00534
    ],
    [
      53,
      0.00497
    ],
    [
      54,
      0.00486
    ],
    [
      55,
      0.00453
    ],
    [
      56,
      0.00467
    ],
    [
      57,
      0.0042
    ],
    [
      58,
      0.00419
    ],
    [
      59,
      0.0042
    ],
    [
      60,
      0.00384
    ],
    [
      61,
      0.00355
    ],
    [
      62,
      0.00352
    ],
    [
      63,
      0.00326
    ],
    [
      64,
      0.00342
    ],
    [
      65,
      0.0034
    ],
    [
      66,
      0.00281
    ],
    [
      67,
      0.00258
    ],
    [
      68,
      0.00267
    ],
    [
      69,
      0.00273
    ],
    [
      70,
      0.00247
    ],
    [
      71,
      0.0026
    ],
    [
      72,
      0.00254
    ],
    [
      73,
      0.00231
    ],
    [
      74,
      0.0024
    ],
    [
      75,
      0.00276
    ],
    [
      76,
      0.00256
    ],
    [
      77,
      0.00222
    ],
    [
      78,
      0.00206
    ],
    [
      79,
      0.00193
    ],
    [
      80,
      0.00201
    ],
    [
      81,
      0.00188
    ],
    [
      82,
      0.00193
    ],
    [
      83,
      0.00184
    ],
    [
      84,
      0.00182
    ],
    [
      85,
      0.00166
    ],
    [
      86,
      0.00157
    ],
    [
      87,
      0.00169
    ],
    [
      88,
      0.0016
    ],
    [
      89,
      0.00172
    ],
    [
      90,
      0.00158
    ],
    [
      91,
      0.0015
    ],
    [
      92,
      0.00158
    ],
    [
      93,
      0.00137
    ],
    [
      94,
      0.00131
    ],
    [
      95,
      0.00142
    ],
    [
      96,
      0.00144
    ],
    [
      97,
      0.00139
    ],
    [
      98,
      0.0013
    ],
    [
      99,
      0.00143
    ],
    [
      100,
      0.00138
    ]
  ],
  "acc": [
    [
      1,
      0.06127
    ],
    [
      2,
      0.09412
    ],
    [
      3,
      0.10859
    ],
    [
      4,
      0.12938
    ],
    [
      5,
      0.13735
    ],
    [
      6,
      0.18216
    ],
    [
      7,
      0.21281
    ],
    [
      8,
      0.22816
    ],
    [
      9,
      0.23641
    ],
    [
      10,
      0.24124
    ],
    [
      11,
      0.24824
    ],
    [
      12,
      0.25288
    ],
    [
      13,
      0.2533
    ],
    [
      14,
      0.25575
    ],
    [
      15,
      0.25682
    ],
    [
      16,
      0.25989
    ],
    [
      17,
      0.26366
    ],
    [
      18,
      0.26715
    ],
    [
      19,
      0.26811
    ],
    [
      20,
      0.27182
    ],
    [
      21,
      0.27273
    ],
    [
      22,
      0.27111
    ],
    [
      23,
      0.2698
    ],
    [
      24,
      0.27221
    ],
    [
      25,
      0.27033
    ],
    [
      26,
      0.2711
    ],
    [
      27,
      0.27275
    ],
    [
      28,
      0.27399
    ],
    [
      29,
      0.27427
    ],
    [
      30,
      0.27366
    ],
    [
      31,
      0.27326
    ],
    [
      32,
      0.27281
    ],
    [
      33,
      0.27358
    ],
    [
      34,
      0.27308
    ],
    [
      35,
      0.27309
    ],
    [
      36,
      0.27299
    ],
    [
      37,
      0.27247
    ],
    [
      38,
      0.27103
    ],
    [
      39,
      0.27082
    ],
    [
      40,
      0.27077
    ],
    [
      41,
      0.26966
    ],
    [
      42,
      0.27089
    ],
    [
      43,
      0.27115
    ],
    [
      44,
      0.27104
    ],
    [
      45,
      0.27094
    ],
    [
      46,
      0.27006
    ],
    [
      47,
      0.27218
    ],
    [
      48,
      0.27241
    ],
    [
      49,
      0.27035
    ],
    [
      50,
      0.2697
    ],
    [
      51,
      0.26917
    ],
    [
      52,
      0.26896
    ],
    [
      53,
      0.26725
    ],
    [
      54,
      0.26838
    ],
    [
      55,
      0.26898
    ],
    [
      56,
      0.26829
    ],
    [
      57,
      0.26882
    ],
    [
      58,
      0.26852
    ],
    [
      59,
      0.2677
    ],
    [
      60,
      0.26698
    ],
    [
      61,
      0.26768
    ],
    [
      62,
      0.26737
    ],
    [
      63,
      0.26649
    ],
    [
      64,
      0.26672
    ],
    [
      65,
      0.26644
    ],
    [
      66,
      0.26604
    ],
    [
      67,
      0.26595
    ],
    [
      68,
      0.26483
    ],
    [
      69,
      0.26523
    ],
    [
      70,
      0.2646
    ],
    [
      71,
      0.26315
    ],
    [
      72,
      0.26426
    ],
    [
      73,
      0.26452
    ],
    [
      74,
      0.26489
    ],
    [
      75,
      0.26496
    ],
    [
      76,
      0.2644
    ],
    [
      77,
      0.26461
    ],
    [
      78,
      0.26414
    ],
    [
      79,
      0.26306
    ],
    [
      80,
      0.26294
    ],
    [
      81,
      0.2626
    ],
    [
      82,
      0.26312
    ],
    [
      83,
      0.26302
    ],
    [
      84,
      0.26291
    ],
    [
      85,
      0.26246
    ],
    [
      86,
      0.26296
    ],
    [
      87,
      0.26257
    ],
    [
      88,
      0.26373
    ],
    [
      89,
      0.26189
    ],
    [
      90,
      0.2627
    ],
    [
      91,
      0.26252
    ],
    [
      92,
      0.26257
    ],
    [
      93,
      0.26239
    ],
    [
      94,
      0.26249
    ],
    [
      95,
      0.26171
    ],
    [
      96,
      0.26194
    ],
    [
      97,
      0.26201
    ],
    [
      98,
      0.26286
    ],
    [
      99,
      0.2629
    ],
    [
      100,
      0.26274
    ]
  ],